template_id,sql_text,actual_ms,predicted_ms,absolute_error_ms
control_ch_order_gaps,"WITH timeline AS ( SELECT c.c_w_id, c.c_d_id, c.c_id, o.o_id, o.o_entry_d, LAG(o.o_entry_d) OVER ( PARTITION BY c.c_w_id, c.c_d_id, c.c_id ORDER BY o.o_entry_d ) AS previous_order FROM chbenchmark.customer c JOIN chbenchmark.oorder o ON o.o_w_id = c.c_w_id AND o.o_d_id = c.c_d_id AND o.o_c_id = c.c_id WHERE c.c_state = 'OH' ) SELECT * FROM timeline WHERE o_entry_d - previous_order > INTERVAL '30 days' ORDER BY o_entry_d - previous_order DESC LIMIT 300",107.031,113.69322204589844,6.662222045898432
control_ch_product_pareto,"WITH product_revenue AS ( SELECT ol.ol_i_id, SUM(ol.ol_amount) AS revenue FROM chbenchmark.customer c JOIN chbenchmark.oorder o ON o.o_w_id = c.c_w_id AND o.o_d_id = c.c_d_id AND o.o_c_id = c.c_id JOIN chbenchmark.order_line ol ON ol.ol_w_id = o.o_w_id AND ol.ol_d_id = o.o_d_id AND ol.ol_o_id = o.o_id WHERE c.c_state = 'FL' GROUP BY ol.ol_i_id ), cumulative AS ( SELECT *, SUM(revenue) OVER (ORDER BY revenue DESC) / NULLIF(SUM(revenue) OVER (), 0) AS cumulative_share FROM product_revenue ) SELECT COUNT(*) FILTER (WHERE cumulative_share <= 0.80) AS core_products, COUNT(*) AS all_products, MAX(revenue) AS top_product_revenue FROM cumulative",483.22400000000005,366.1453857421875,117.07861425781255
control_ch_customer_rfm,"WITH customer_value AS ( SELECT o.o_c_id, o.o_d_id, MAX(o.o_entry_d) AS last_order, COUNT(DISTINCT o.o_id) AS frequency, SUM(ol.ol_amount) AS monetary FROM chbenchmark.oorder o JOIN chbenchmark.order_line ol ON ol.ol_w_id = o.o_w_id AND ol.ol_d_id = o.o_d_id AND ol.ol_o_id = o.o_id WHERE o.o_w_id = 2 GROUP BY o.o_c_id, o.o_d_id ), scored AS ( SELECT *, NTILE(5) OVER (ORDER BY last_order) AS recency_score, NTILE(5) OVER (ORDER BY frequency) AS frequency_score, NTILE(5) OVER (ORDER BY monetary) AS monetary_score FROM customer_value ) SELECT recency_score, frequency_score, monetary_score, COUNT(*) AS customers, SUM(monetary) AS revenue FROM scored GROUP BY recency_score, frequency_score, monetary_score ORDER BY revenue DESC",375.665,462.97674560546875,87.31174560546873
control_ch_warehouse_reconciliation,"WITH ordered AS ( SELECT ol.ol_i_id, SUM(ol.ol_quantity) AS sold_units FROM chbenchmark.order_line ol WHERE ol.ol_w_id = 2 GROUP BY ol.ol_i_id ), stock_activity AS ( SELECT s.s_i_id, s.s_quantity, s.s_ytd, s.s_order_cnt FROM chbenchmark.stock s WHERE s.s_w_id = 2 ) SELECT sa.s_i_id, sa.s_quantity, sa.s_ytd, sa.s_order_cnt, o.sold_units, o.sold_units - sa.s_ytd AS quantity_difference FROM stock_activity sa JOIN ordered o ON o.ol_i_id = sa.s_i_id WHERE ABS(o.sold_units - sa.s_ytd) > 100 ORDER BY ABS(o.sold_units - sa.s_ytd) DESC LIMIT 300",224.6295,138.99169921875,85.63780078125001
control_ch_district_anomaly,"WITH daily AS ( SELECT o.o_w_id, o.o_d_id, o.o_entry_d::date AS day, SUM(ol.ol_amount) AS revenue FROM chbenchmark.oorder o JOIN chbenchmark.order_line ol ON ol.ol_w_id = o.o_w_id AND ol.ol_d_id = o.o_d_id AND ol.ol_o_id = o.o_id WHERE o.o_entry_d >= DATE '2024-02-21' - INTERVAL '365 days' GROUP BY o.o_w_id, o.o_d_id, o.o_entry_d::date ), stats AS ( SELECT *, AVG(revenue) OVER (PARTITION BY o_w_id, o_d_id) AS mean_revenue, STDDEV_SAMP(revenue) OVER (PARTITION BY o_w_id, o_d_id) AS sd_revenue FROM daily ) SELECT *, (revenue - mean_revenue) / NULLIF(sd_revenue, 0) AS z_score FROM stats WHERE ABS((revenue - mean_revenue) / NULLIF(sd_revenue, 0)) > 2.5 ORDER BY ABS((revenue - mean_revenue) / NULLIF(sd_revenue, 0)) DESC",767.7175,1813.7381591796875,1046.0206591796875
control_ch_demand_volatility,"WITH weekly AS ( SELECT ol.ol_i_id, date_trunc('week', o.o_entry_d) AS week, SUM(ol.ol_quantity) AS units FROM chbenchmark.order_line ol JOIN chbenchmark.oorder o ON o.o_w_id = ol.ol_w_id AND o.o_d_id = ol.ol_d_id AND o.o_id = ol.ol_o_id WHERE ol.ol_w_id = 2 GROUP BY ol.ol_i_id, date_trunc('week', o.o_entry_d) ) SELECT ol_i_id, AVG(units) AS avg_units, STDDEV_SAMP(units) AS volatility, STDDEV_SAMP(units) / NULLIF(AVG(units), 0) AS coefficient_of_variation FROM weekly GROUP BY ol_i_id HAVING COUNT(*) >= 3 ORDER BY coefficient_of_variation DESC NULLS LAST LIMIT 250",638.4825000000001,476.7587890625,161.72371093750007
control_ch_supplier_concentration,"WITH supplier_revenue AS ( SELECT su.su_suppkey, SUM(ol.ol_amount) AS revenue FROM chbenchmark.supplier su JOIN chbenchmark.nation n ON n.n_nationkey = su.su_nationkey JOIN chbenchmark.stock s ON MOD(s.s_w_id * s.s_i_id, 10000) = su.su_suppkey JOIN chbenchmark.order_line ol ON ol.ol_supply_w_id = s.s_w_id AND ol.ol_i_id = s.s_i_id WHERE n.n_regionkey = 2 GROUP BY su.su_suppkey ), shares AS ( SELECT revenue / NULLIF(SUM(revenue) OVER (), 0) AS share FROM supplier_revenue ) SELECT COUNT(*) AS suppliers, MAX(share) AS largest_share, SUM(share * share) AS hhi FROM shares",195.8905,425.5130920410156,229.62259204101562
control_ch_cohort_retention,"WITH activity AS ( SELECT o.o_c_id, o.o_d_id, date_trunc('quarter', MIN(o.o_entry_d)) AS cohort, COUNT(DISTINCT date_trunc('quarter', o.o_entry_d)) AS active_quarters FROM chbenchmark.oorder o WHERE o.o_w_id = 2 GROUP BY o.o_c_id, o.o_d_id ) SELECT cohort, COUNT(*) AS customers, COUNT(*) FILTER (WHERE active_quarters >= 2) AS retained_2q, COUNT(*) FILTER (WHERE active_quarters >= 3) AS retained_3q FROM activity GROUP BY cohort ORDER BY cohort",59.708999999999996,57.92024612426758,1.788753875732418
control_ch_basket_affinity,"SELECT LEAST(a.ol_i_id, b.ol_i_id) AS item_a, GREATEST(a.ol_i_id, b.ol_i_id) AS item_b, COUNT(*) AS baskets FROM chbenchmark.order_line a JOIN chbenchmark.order_line b ON b.ol_w_id = a.ol_w_id AND b.ol_d_id = a.ol_d_id AND b.ol_o_id = a.ol_o_id AND b.ol_i_id > a.ol_i_id WHERE a.ol_w_id = 1 AND a.ol_d_id = 9 GROUP BY LEAST(a.ol_i_id, b.ol_i_id), GREATEST(a.ol_i_id, b.ol_i_id) HAVING COUNT(*) >= 2 ORDER BY baskets DESC LIMIT 200",93.613,214.68045043945312,121.06745043945313
control_ch_stockout_risk,"WITH demand AS ( SELECT ol.ol_i_id, SUM(ol.ol_quantity)::numeric / 90 AS daily_units FROM chbenchmark.order_line ol JOIN chbenchmark.oorder o ON o.o_w_id = ol.ol_w_id AND o.o_d_id = ol.ol_d_id AND o.o_id = ol.ol_o_id WHERE ol.ol_w_id = 4 AND o.o_entry_d >= timestamp '2025-12-31' - INTERVAL '90 days' GROUP BY ol.ol_i_id ) SELECT s.s_i_id, s.s_quantity, d.daily_units, s.s_quantity / NULLIF(d.daily_units, 0) AS days_of_supply FROM chbenchmark.stock s JOIN demand d ON d.ol_i_id = s.s_i_id WHERE s.s_w_id = 4 AND s.s_quantity / NULLIF(d.daily_units, 0) < 21 ORDER BY days_of_supply LIMIT 300",137.894,151.66200256347656,13.768002563476557
control_ch_district_anomaly,"WITH daily AS ( SELECT o.o_w_id, o.o_d_id, o.o_entry_d::date AS day, SUM(ol.ol_amount) AS revenue FROM chbenchmark.oorder o JOIN chbenchmark.order_line ol ON ol.ol_w_id = o.o_w_id AND ol.ol_d_id = o.o_d_id AND ol.ol_o_id = o.o_id WHERE o.o_entry_d >= DATE '2024-11-09' - INTERVAL '365 days' GROUP BY o.o_w_id, o.o_d_id, o.o_entry_d::date ), stats AS ( SELECT *, AVG(revenue) OVER (PARTITION BY o_w_id, o_d_id) AS mean_revenue, STDDEV_SAMP(revenue) OVER (PARTITION BY o_w_id, o_d_id) AS sd_revenue FROM daily ) SELECT *, (revenue - mean_revenue) / NULLIF(sd_revenue, 0) AS z_score FROM stats WHERE ABS((revenue - mean_revenue) / NULLIF(sd_revenue, 0)) > 2.5 ORDER BY ABS((revenue - mean_revenue) / NULLIF(sd_revenue, 0)) DESC",769.691,1483.1904296875,713.4994296875
control_ch_stockout_risk,"WITH demand AS ( SELECT ol.ol_i_id, SUM(ol.ol_quantity)::numeric / 30 AS daily_units FROM chbenchmark.order_line ol JOIN chbenchmark.oorder o ON o.o_w_id = ol.ol_w_id AND o.o_d_id = ol.ol_d_id AND o.o_id = ol.ol_o_id WHERE ol.ol_w_id = 4 AND o.o_entry_d >= timestamp '2025-12-31' - INTERVAL '30 days' GROUP BY ol.ol_i_id ) SELECT s.s_i_id, s.s_quantity, d.daily_units, s.s_quantity / NULLIF(d.daily_units, 0) AS days_of_supply FROM chbenchmark.stock s JOIN demand d ON d.ol_i_id = s.s_i_id WHERE s.s_w_id = 4 AND s.s_quantity / NULLIF(d.daily_units, 0) < 21 ORDER BY days_of_supply LIMIT 300",83.6675,149.5762481689453,65.90874816894531
control_ch_cohort_retention,"WITH activity AS ( SELECT o.o_c_id, o.o_d_id, date_trunc('quarter', MIN(o.o_entry_d)) AS cohort, COUNT(DISTINCT date_trunc('quarter', o.o_entry_d)) AS active_quarters FROM chbenchmark.oorder o WHERE o.o_w_id = 1 GROUP BY o.o_c_id, o.o_d_id ) SELECT cohort, COUNT(*) AS customers, COUNT(*) FILTER (WHERE active_quarters >= 2) AS retained_2q, COUNT(*) FILTER (WHERE active_quarters >= 3) AS retained_3q FROM activity GROUP BY cohort ORDER BY cohort",57.3765,47.98553466796875,9.39096533203125
control_ch_supplier_concentration,"WITH supplier_revenue AS ( SELECT su.su_suppkey, SUM(ol.ol_amount) AS revenue FROM chbenchmark.supplier su JOIN chbenchmark.nation n ON n.n_nationkey = su.su_nationkey JOIN chbenchmark.stock s ON MOD(s.s_w_id * s.s_i_id, 10000) = su.su_suppkey JOIN chbenchmark.order_line ol ON ol.ol_supply_w_id = s.s_w_id AND ol.ol_i_id = s.s_i_id WHERE n.n_regionkey = 1 GROUP BY su.su_suppkey ), shares AS ( SELECT revenue / NULLIF(SUM(revenue) OVER (), 0) AS share FROM supplier_revenue ) SELECT COUNT(*) AS suppliers, MAX(share) AS largest_share, SUM(share * share) AS hhi FROM shares",181.6885,425.5130920410156,243.82459204101562
control_ch_demand_volatility,"WITH weekly AS ( SELECT ol.ol_i_id, date_trunc('week', o.o_entry_d) AS week, SUM(ol.ol_quantity) AS units FROM chbenchmark.order_line ol JOIN chbenchmark.oorder o ON o.o_w_id = ol.ol_w_id AND o.o_d_id = ol.ol_d_id AND o.o_id = ol.ol_o_id WHERE ol.ol_w_id = 3 GROUP BY ol.ol_i_id, date_trunc('week', o.o_entry_d) ) SELECT ol_i_id, AVG(units) AS avg_units, STDDEV_SAMP(units) AS volatility, STDDEV_SAMP(units) / NULLIF(AVG(units), 0) AS coefficient_of_variation FROM weekly GROUP BY ol_i_id HAVING COUNT(*) >= 3 ORDER BY coefficient_of_variation DESC NULLS LAST LIMIT 250",729.7964999999999,476.7587890625,253.03771093749992
control_ch_customer_rfm,"WITH customer_value AS ( SELECT o.o_c_id, o.o_d_id, MAX(o.o_entry_d) AS last_order, COUNT(DISTINCT o.o_id) AS frequency, SUM(ol.ol_amount) AS monetary FROM chbenchmark.oorder o JOIN chbenchmark.order_line ol ON ol.ol_w_id = o.o_w_id AND ol.ol_d_id = o.o_d_id AND ol.ol_o_id = o.o_id WHERE o.o_w_id = 1 GROUP BY o.o_c_id, o.o_d_id ), scored AS ( SELECT *, NTILE(5) OVER (ORDER BY last_order) AS recency_score, NTILE(5) OVER (ORDER BY frequency) AS frequency_score, NTILE(5) OVER (ORDER BY monetary) AS monetary_score FROM customer_value ) SELECT recency_score, frequency_score, monetary_score, COUNT(*) AS customers, SUM(monetary) AS revenue FROM scored GROUP BY recency_score, frequency_score, monetary_score ORDER BY revenue DESC",368.58799999999997,463.7406311035156,95.15263110351566
control_ch_product_pareto,"WITH product_revenue AS ( SELECT ol.ol_i_id, SUM(ol.ol_amount) AS revenue FROM chbenchmark.customer c JOIN chbenchmark.oorder o ON o.o_w_id = c.c_w_id AND o.o_d_id = c.c_d_id AND o.o_c_id = c.c_id JOIN chbenchmark.order_line ol ON ol.ol_w_id = o.o_w_id AND ol.ol_d_id = o.o_d_id AND ol.ol_o_id = o.o_id WHERE c.c_state = 'NY' GROUP BY ol.ol_i_id ), cumulative AS ( SELECT *, SUM(revenue) OVER (ORDER BY revenue DESC) / NULLIF(SUM(revenue) OVER (), 0) AS cumulative_share FROM product_revenue ) SELECT COUNT(*) FILTER (WHERE cumulative_share <= 0.80) AS core_products, COUNT(*) AS all_products, MAX(revenue) AS top_product_revenue FROM cumulative",521.0275,366.1453857421875,154.88211425781253
control_ch_warehouse_reconciliation,"WITH ordered AS ( SELECT ol.ol_i_id, SUM(ol.ol_quantity) AS sold_units FROM chbenchmark.order_line ol WHERE ol.ol_w_id = 3 GROUP BY ol.ol_i_id ), stock_activity AS ( SELECT s.s_i_id, s.s_quantity, s.s_ytd, s.s_order_cnt FROM chbenchmark.stock s WHERE s.s_w_id = 3 ) SELECT sa.s_i_id, sa.s_quantity, sa.s_ytd, sa.s_order_cnt, o.sold_units, o.sold_units - sa.s_ytd AS quantity_difference FROM stock_activity sa JOIN ordered o ON o.ol_i_id = sa.s_i_id WHERE ABS(o.sold_units - sa.s_ytd) > 100 ORDER BY ABS(o.sold_units - sa.s_ytd) DESC LIMIT 300",234.7375,135.52056884765625,99.21693115234376
control_ch_basket_affinity,"SELECT LEAST(a.ol_i_id, b.ol_i_id) AS item_a, GREATEST(a.ol_i_id, b.ol_i_id) AS item_b, COUNT(*) AS baskets FROM chbenchmark.order_line a JOIN chbenchmark.order_line b ON b.ol_w_id = a.ol_w_id AND b.ol_d_id = a.ol_d_id AND b.ol_o_id = a.ol_o_id AND b.ol_i_id > a.ol_i_id WHERE a.ol_w_id = 4 AND a.ol_d_id = 10 GROUP BY LEAST(a.ol_i_id, b.ol_i_id), GREATEST(a.ol_i_id, b.ol_i_id) HAVING COUNT(*) >= 2 ORDER BY baskets DESC LIMIT 200",78.90549999999999,208.18455505371094,129.27905505371095
control_ch_order_gaps,"WITH timeline AS ( SELECT c.c_w_id, c.c_d_id, c.c_id, o.o_id, o.o_entry_d, LAG(o.o_entry_d) OVER ( PARTITION BY c.c_w_id, c.c_d_id, c.c_id ORDER BY o.o_entry_d ) AS previous_order FROM chbenchmark.customer c JOIN chbenchmark.oorder o ON o.o_w_id = c.c_w_id AND o.o_d_id = c.c_d_id AND o.o_c_id = c.c_id WHERE c.c_state = 'CA' ) SELECT * FROM timeline WHERE o_entry_d - previous_order > INTERVAL '90 days' ORDER BY o_entry_d - previous_order DESC LIMIT 300",149.45350000000002,113.69322204589844,35.76027795410158
control_ch_order_gaps,"WITH timeline AS ( SELECT c.c_w_id, c.c_d_id, c.c_id, o.o_id, o.o_entry_d, LAG(o.o_entry_d) OVER ( PARTITION BY c.c_w_id, c.c_d_id, c.c_id ORDER BY o.o_entry_d ) AS previous_order FROM chbenchmark.customer c JOIN chbenchmark.oorder o ON o.o_w_id = c.c_w_id AND o.o_d_id = c.c_d_id AND o.o_c_id = c.c_id WHERE c.c_state = 'NY' ) SELECT * FROM timeline WHERE o_entry_d - previous_order > INTERVAL '120 days' ORDER BY o_entry_d - previous_order DESC LIMIT 300",128.178,116.08731079101562,12.090689208984372
control_ch_warehouse_reconciliation,"WITH ordered AS ( SELECT ol.ol_i_id, SUM(ol.ol_quantity) AS sold_units FROM chbenchmark.order_line ol WHERE ol.ol_w_id = 4 GROUP BY ol.ol_i_id ), stock_activity AS ( SELECT s.s_i_id, s.s_quantity, s.s_ytd, s.s_order_cnt FROM chbenchmark.stock s WHERE s.s_w_id = 4 ) SELECT sa.s_i_id, sa.s_quantity, sa.s_ytd, sa.s_order_cnt, o.sold_units, o.sold_units - sa.s_ytd AS quantity_difference FROM stock_activity sa JOIN ordered o ON o.ol_i_id = sa.s_i_id WHERE ABS(o.sold_units - sa.s_ytd) > 100 ORDER BY ABS(o.sold_units - sa.s_ytd) DESC LIMIT 300",249.8315,135.4100799560547,114.42142004394532
control_ch_customer_rfm,"WITH customer_value AS ( SELECT o.o_c_id, o.o_d_id, MAX(o.o_entry_d) AS last_order, COUNT(DISTINCT o.o_id) AS frequency, SUM(ol.ol_amount) AS monetary FROM chbenchmark.oorder o JOIN chbenchmark.order_line ol ON ol.ol_w_id = o.o_w_id AND ol.ol_d_id = o.o_d_id AND ol.ol_o_id = o.o_id WHERE o.o_w_id = 4 GROUP BY o.o_c_id, o.o_d_id ), scored AS ( SELECT *, NTILE(5) OVER (ORDER BY last_order) AS recency_score, NTILE(5) OVER (ORDER BY frequency) AS frequency_score, NTILE(5) OVER (ORDER BY monetary) AS monetary_score FROM customer_value ) SELECT recency_score, frequency_score, monetary_score, COUNT(*) AS customers, SUM(monetary) AS revenue FROM scored GROUP BY recency_score, frequency_score, monetary_score ORDER BY revenue DESC",374.724,463.7406311035156,89.01663110351564
control_ch_basket_affinity,"SELECT LEAST(a.ol_i_id, b.ol_i_id) AS item_a, GREATEST(a.ol_i_id, b.ol_i_id) AS item_b, COUNT(*) AS baskets FROM chbenchmark.order_line a JOIN chbenchmark.order_line b ON b.ol_w_id = a.ol_w_id AND b.ol_d_id = a.ol_d_id AND b.ol_o_id = a.ol_o_id AND b.ol_i_id > a.ol_i_id WHERE a.ol_w_id = 2 AND a.ol_d_id = 4 GROUP BY LEAST(a.ol_i_id, b.ol_i_id), GREATEST(a.ol_i_id, b.ol_i_id) HAVING COUNT(*) >= 2 ORDER BY baskets DESC LIMIT 200",93.7645,195.4664764404297,101.70197644042969
control_ch_district_anomaly,"WITH daily AS ( SELECT o.o_w_id, o.o_d_id, o.o_entry_d::date AS day, SUM(ol.ol_amount) AS revenue FROM chbenchmark.oorder o JOIN chbenchmark.order_line ol ON ol.ol_w_id = o.o_w_id AND ol.ol_d_id = o.o_d_id AND ol.ol_o_id = o.o_id WHERE o.o_entry_d >= DATE '2025-05-30' - INTERVAL '365 days' GROUP BY o.o_w_id, o.o_d_id, o.o_entry_d::date ), stats AS ( SELECT *, AVG(revenue) OVER (PARTITION BY o_w_id, o_d_id) AS mean_revenue, STDDEV_SAMP(revenue) OVER (PARTITION BY o_w_id, o_d_id) AS sd_revenue FROM daily ) SELECT *, (revenue - mean_revenue) / NULLIF(sd_revenue, 0) AS z_score FROM stats WHERE ABS((revenue - mean_revenue) / NULLIF(sd_revenue, 0)) > 2.5 ORDER BY ABS((revenue - mean_revenue) / NULLIF(sd_revenue, 0)) DESC",519.298,410.900390625,108.397609375
control_ch_supplier_concentration,"WITH supplier_revenue AS ( SELECT su.su_suppkey, SUM(ol.ol_amount) AS revenue FROM chbenchmark.supplier su JOIN chbenchmark.nation n ON n.n_nationkey = su.su_nationkey JOIN chbenchmark.stock s ON MOD(s.s_w_id * s.s_i_id, 10000) = su.su_suppkey JOIN chbenchmark.order_line ol ON ol.ol_supply_w_id = s.s_w_id AND ol.ol_i_id = s.s_i_id WHERE n.n_regionkey = 0 GROUP BY su.su_suppkey ), shares AS ( SELECT revenue / NULLIF(SUM(revenue) OVER (), 0) AS share FROM supplier_revenue ) SELECT COUNT(*) AS suppliers, MAX(share) AS largest_share, SUM(share * share) AS hhi FROM shares",174.254,425.5130920410156,251.25909204101563
control_ch_district_anomaly,"WITH daily AS ( SELECT o.o_w_id, o.o_d_id, o.o_entry_d::date AS day, SUM(ol.ol_amount) AS revenue FROM chbenchmark.oorder o JOIN chbenchmark.order_line ol ON ol.ol_w_id = o.o_w_id AND ol.ol_d_id = o.o_d_id AND ol.ol_o_id = o.o_id WHERE o.o_entry_d >= DATE '2024-03-04' - INTERVAL '365 days' GROUP BY o.o_w_id, o.o_d_id, o.o_entry_d::date ), stats AS ( SELECT *, AVG(revenue) OVER (PARTITION BY o_w_id, o_d_id) AS mean_revenue, STDDEV_SAMP(revenue) OVER (PARTITION BY o_w_id, o_d_id) AS sd_revenue FROM daily ) SELECT *, (revenue - mean_revenue) / NULLIF(sd_revenue, 0) AS z_score FROM stats WHERE ABS((revenue - mean_revenue) / NULLIF(sd_revenue, 0)) > 2.5 ORDER BY ABS((revenue - mean_revenue) / NULLIF(sd_revenue, 0)) DESC",769.7985000000001,1813.7381591796875,1043.9396591796874
control_ch_demand_volatility,"WITH weekly AS ( SELECT ol.ol_i_id, date_trunc('week', o.o_entry_d) AS week, SUM(ol.ol_quantity) AS units FROM chbenchmark.order_line ol JOIN chbenchmark.oorder o ON o.o_w_id = ol.ol_w_id AND o.o_d_id = ol.ol_d_id AND o.o_id = ol.ol_o_id WHERE ol.ol_w_id = 4 GROUP BY ol.ol_i_id, date_trunc('week', o.o_entry_d) ) SELECT ol_i_id, AVG(units) AS avg_units, STDDEV_SAMP(units) AS volatility, STDDEV_SAMP(units) / NULLIF(AVG(units), 0) AS coefficient_of_variation FROM weekly GROUP BY ol_i_id HAVING COUNT(*) >= 3 ORDER BY coefficient_of_variation DESC NULLS LAST LIMIT 250",646.2855,447.8021545410156,198.48334545898433
control_ch_customer_rfm,"WITH customer_value AS ( SELECT o.o_c_id, o.o_d_id, MAX(o.o_entry_d) AS last_order, COUNT(DISTINCT o.o_id) AS frequency, SUM(ol.ol_amount) AS monetary FROM chbenchmark.oorder o JOIN chbenchmark.order_line ol ON ol.ol_w_id = o.o_w_id AND ol.ol_d_id = o.o_d_id AND ol.ol_o_id = o.o_id WHERE o.o_w_id = 3 GROUP BY o.o_c_id, o.o_d_id ), scored AS ( SELECT *, NTILE(5) OVER (ORDER BY last_order) AS recency_score, NTILE(5) OVER (ORDER BY frequency) AS frequency_score, NTILE(5) OVER (ORDER BY monetary) AS monetary_score FROM customer_value ) SELECT recency_score, frequency_score, monetary_score, COUNT(*) AS customers, SUM(monetary) AS revenue FROM scored GROUP BY recency_score, frequency_score, monetary_score ORDER BY revenue DESC",374.3135,462.97674560546875,88.66324560546877
control_ch_order_gaps,"WITH timeline AS ( SELECT c.c_w_id, c.c_d_id, c.c_id, o.o_id, o.o_entry_d, LAG(o.o_entry_d) OVER ( PARTITION BY c.c_w_id, c.c_d_id, c.c_id ORDER BY o.o_entry_d ) AS previous_order FROM chbenchmark.customer c JOIN chbenchmark.oorder o ON o.o_w_id = c.c_w_id AND o.o_d_id = c.c_d_id AND o.o_c_id = c.c_id WHERE c.c_state = 'CA' ) SELECT * FROM timeline WHERE o_entry_d - previous_order > INTERVAL '60 days' ORDER BY o_entry_d - previous_order DESC LIMIT 300",97.078,113.69322204589844,16.615222045898435
control_ch_basket_affinity,"SELECT LEAST(a.ol_i_id, b.ol_i_id) AS item_a, GREATEST(a.ol_i_id, b.ol_i_id) AS item_b, COUNT(*) AS baskets FROM chbenchmark.order_line a JOIN chbenchmark.order_line b ON b.ol_w_id = a.ol_w_id AND b.ol_d_id = a.ol_d_id AND b.ol_o_id = a.ol_o_id AND b.ol_i_id > a.ol_i_id WHERE a.ol_w_id = 2 AND a.ol_d_id = 5 GROUP BY LEAST(a.ol_i_id, b.ol_i_id), GREATEST(a.ol_i_id, b.ol_i_id) HAVING COUNT(*) >= 2 ORDER BY baskets DESC LIMIT 200",62.582,197.1885528564453,134.60655285644532
control_ch_stockout_risk,"WITH demand AS ( SELECT ol.ol_i_id, SUM(ol.ol_quantity)::numeric / 90 AS daily_units FROM chbenchmark.order_line ol JOIN chbenchmark.oorder o ON o.o_w_id = ol.ol_w_id AND o.o_d_id = ol.ol_d_id AND o.o_id = ol.ol_o_id WHERE ol.ol_w_id = 1 AND o.o_entry_d >= timestamp '2025-12-31' - INTERVAL '90 days' GROUP BY ol.ol_i_id ) SELECT s.s_i_id, s.s_quantity, d.daily_units, s.s_quantity / NULLIF(d.daily_units, 0) AS days_of_supply FROM chbenchmark.stock s JOIN demand d ON d.ol_i_id = s.s_i_id WHERE s.s_w_id = 1 AND s.s_quantity / NULLIF(d.daily_units, 0) < 21 ORDER BY days_of_supply LIMIT 300",105.42099999999999,151.66200256347656,46.24100256347657
control_ch_product_pareto,"WITH product_revenue AS ( SELECT ol.ol_i_id, SUM(ol.ol_amount) AS revenue FROM chbenchmark.customer c JOIN chbenchmark.oorder o ON o.o_w_id = c.c_w_id AND o.o_d_id = c.c_d_id AND o.o_c_id = c.c_id JOIN chbenchmark.order_line ol ON ol.ol_w_id = o.o_w_id AND ol.ol_d_id = o.o_d_id AND ol.ol_o_id = o.o_id WHERE c.c_state = 'WA' GROUP BY ol.ol_i_id ), cumulative AS ( SELECT *, SUM(revenue) OVER (ORDER BY revenue DESC) / NULLIF(SUM(revenue) OVER (), 0) AS cumulative_share FROM product_revenue ) SELECT COUNT(*) FILTER (WHERE cumulative_share <= 0.80) AS core_products, COUNT(*) AS all_products, MAX(revenue) AS top_product_revenue FROM cumulative",398.093,366.1453857421875,31.947614257812518
control_ch_cohort_retention,"WITH activity AS ( SELECT o.o_c_id, o.o_d_id, date_trunc('quarter', MIN(o.o_entry_d)) AS cohort, COUNT(DISTINCT date_trunc('quarter', o.o_entry_d)) AS active_quarters FROM chbenchmark.oorder o WHERE o.o_w_id = 4 GROUP BY o.o_c_id, o.o_d_id ) SELECT cohort, COUNT(*) AS customers, COUNT(*) FILTER (WHERE active_quarters >= 2) AS retained_2q, COUNT(*) FILTER (WHERE active_quarters >= 3) AS retained_3q FROM activity GROUP BY cohort ORDER BY cohort",51.676500000000004,57.92024612426758,6.243746124267574
control_ch_order_gaps,"WITH timeline AS ( SELECT c.c_w_id, c.c_d_id, c.c_id, o.o_id, o.o_entry_d, LAG(o.o_entry_d) OVER ( PARTITION BY c.c_w_id, c.c_d_id, c.c_id ORDER BY o.o_entry_d ) AS previous_order FROM chbenchmark.customer c JOIN chbenchmark.oorder o ON o.o_w_id = c.c_w_id AND o.o_d_id = c.c_d_id AND o.o_c_id = c.c_id WHERE c.c_state = 'WA' ) SELECT * FROM timeline WHERE o_entry_d - previous_order > INTERVAL '120 days' ORDER BY o_entry_d - previous_order DESC LIMIT 300",96.837,116.08731079101562,19.25031079101562
control_ch_stockout_risk,"WITH demand AS ( SELECT ol.ol_i_id, SUM(ol.ol_quantity)::numeric / 30 AS daily_units FROM chbenchmark.order_line ol JOIN chbenchmark.oorder o ON o.o_w_id = ol.ol_w_id AND o.o_d_id = ol.ol_d_id AND o.o_id = ol.ol_o_id WHERE ol.ol_w_id = 2 AND o.o_entry_d >= timestamp '2025-12-31' - INTERVAL '30 days' GROUP BY ol.ol_i_id ) SELECT s.s_i_id, s.s_quantity, d.daily_units, s.s_quantity / NULLIF(d.daily_units, 0) AS days_of_supply FROM chbenchmark.stock s JOIN demand d ON d.ol_i_id = s.s_i_id WHERE s.s_w_id = 2 AND s.s_quantity / NULLIF(d.daily_units, 0) < 21 ORDER BY days_of_supply LIMIT 300",74.24000000000001,149.5762481689453,75.3362481689453
control_ch_district_anomaly,"WITH daily AS ( SELECT o.o_w_id, o.o_d_id, o.o_entry_d::date AS day, SUM(ol.ol_amount) AS revenue FROM chbenchmark.oorder o JOIN chbenchmark.order_line ol ON ol.ol_w_id = o.o_w_id AND ol.ol_d_id = o.o_d_id AND ol.ol_o_id = o.o_id WHERE o.o_entry_d >= DATE '2024-04-30' - INTERVAL '365 days' GROUP BY o.o_w_id, o.o_d_id, o.o_entry_d::date ), stats AS ( SELECT *, AVG(revenue) OVER (PARTITION BY o_w_id, o_d_id) AS mean_revenue, STDDEV_SAMP(revenue) OVER (PARTITION BY o_w_id, o_d_id) AS sd_revenue FROM daily ) SELECT *, (revenue - mean_revenue) / NULLIF(sd_revenue, 0) AS z_score FROM stats WHERE ABS((revenue - mean_revenue) / NULLIF(sd_revenue, 0)) > 2.5 ORDER BY ABS((revenue - mean_revenue) / NULLIF(sd_revenue, 0)) DESC",809.652,1505.9305419921875,696.2785419921875
control_ch_basket_affinity,"SELECT LEAST(a.ol_i_id, b.ol_i_id) AS item_a, GREATEST(a.ol_i_id, b.ol_i_id) AS item_b, COUNT(*) AS baskets FROM chbenchmark.order_line a JOIN chbenchmark.order_line b ON b.ol_w_id = a.ol_w_id AND b.ol_d_id = a.ol_d_id AND b.ol_o_id = a.ol_o_id AND b.ol_i_id > a.ol_i_id WHERE a.ol_w_id = 3 AND a.ol_d_id = 2 GROUP BY LEAST(a.ol_i_id, b.ol_i_id), GREATEST(a.ol_i_id, b.ol_i_id) HAVING COUNT(*) >= 2 ORDER BY baskets DESC LIMIT 200",74.657,197.1885528564453,122.53155285644532
control_ch_product_pareto,"WITH product_revenue AS ( SELECT ol.ol_i_id, SUM(ol.ol_amount) AS revenue FROM chbenchmark.customer c JOIN chbenchmark.oorder o ON o.o_w_id = c.c_w_id AND o.o_d_id = c.c_d_id AND o.o_c_id = c.c_id JOIN chbenchmark.order_line ol ON ol.ol_w_id = o.o_w_id AND ol.ol_d_id = o.o_d_id AND ol.ol_o_id = o.o_id WHERE c.c_state = 'NV' GROUP BY ol.ol_i_id ), cumulative AS ( SELECT *, SUM(revenue) OVER (ORDER BY revenue DESC) / NULLIF(SUM(revenue) OVER (), 0) AS cumulative_share FROM product_revenue ) SELECT COUNT(*) FILTER (WHERE cumulative_share <= 0.80) AS core_products, COUNT(*) AS all_products, MAX(revenue) AS top_product_revenue FROM cumulative",387.2595,366.1453857421875,21.114114257812503
control_ch_stockout_risk,"WITH demand AS ( SELECT ol.ol_i_id, SUM(ol.ol_quantity)::numeric / 90 AS daily_units FROM chbenchmark.order_line ol JOIN chbenchmark.oorder o ON o.o_w_id = ol.ol_w_id AND o.o_d_id = ol.ol_d_id AND o.o_id = ol.ol_o_id WHERE ol.ol_w_id = 2 AND o.o_entry_d >= timestamp '2025-12-31' - INTERVAL '90 days' GROUP BY ol.ol_i_id ) SELECT s.s_i_id, s.s_quantity, d.daily_units, s.s_quantity / NULLIF(d.daily_units, 0) AS days_of_supply FROM chbenchmark.stock s JOIN demand d ON d.ol_i_id = s.s_i_id WHERE s.s_w_id = 2 AND s.s_quantity / NULLIF(d.daily_units, 0) < 21 ORDER BY days_of_supply LIMIT 300",106.118,152.4312744140625,46.313274414062505
control_ch_order_gaps,"WITH timeline AS ( SELECT c.c_w_id, c.c_d_id, c.c_id, o.o_id, o.o_entry_d, LAG(o.o_entry_d) OVER ( PARTITION BY c.c_w_id, c.c_d_id, c.c_id ORDER BY o.o_entry_d ) AS previous_order FROM chbenchmark.customer c JOIN chbenchmark.oorder o ON o.o_w_id = c.c_w_id AND o.o_d_id = c.c_d_id AND o.o_c_id = c.c_id WHERE c.c_state = 'NV' ) SELECT * FROM timeline WHERE o_entry_d - previous_order > INTERVAL '90 days' ORDER BY o_entry_d - previous_order DESC LIMIT 300",89.7065,116.08731079101562,26.38081079101562
control_ch_district_anomaly,"WITH daily AS ( SELECT o.o_w_id, o.o_d_id, o.o_entry_d::date AS day, SUM(ol.ol_amount) AS revenue FROM chbenchmark.oorder o JOIN chbenchmark.order_line ol ON ol.ol_w_id = o.o_w_id AND ol.ol_d_id = o.o_d_id AND ol.ol_o_id = o.o_id WHERE o.o_entry_d >= DATE '2024-05-01' - INTERVAL '365 days' GROUP BY o.o_w_id, o.o_d_id, o.o_entry_d::date ), stats AS ( SELECT *, AVG(revenue) OVER (PARTITION BY o_w_id, o_d_id) AS mean_revenue, STDDEV_SAMP(revenue) OVER (PARTITION BY o_w_id, o_d_id) AS sd_revenue FROM daily ) SELECT *, (revenue - mean_revenue) / NULLIF(sd_revenue, 0) AS z_score FROM stats WHERE ABS((revenue - mean_revenue) / NULLIF(sd_revenue, 0)) > 2.5 ORDER BY ABS((revenue - mean_revenue) / NULLIF(sd_revenue, 0)) DESC",665.0930000000001,1505.9305419921875,840.8375419921874
control_ch_basket_affinity,"SELECT LEAST(a.ol_i_id, b.ol_i_id) AS item_a, GREATEST(a.ol_i_id, b.ol_i_id) AS item_b, COUNT(*) AS baskets FROM chbenchmark.order_line a JOIN chbenchmark.order_line b ON b.ol_w_id = a.ol_w_id AND b.ol_d_id = a.ol_d_id AND b.ol_o_id = a.ol_o_id AND b.ol_i_id > a.ol_i_id WHERE a.ol_w_id = 2 AND a.ol_d_id = 2 GROUP BY LEAST(a.ol_i_id, b.ol_i_id), GREATEST(a.ol_i_id, b.ol_i_id) HAVING COUNT(*) >= 2 ORDER BY baskets DESC LIMIT 200",64.83000000000001,195.4664764404297,130.63647644042967
control_ch_cohort_retention,"WITH activity AS ( SELECT o.o_c_id, o.o_d_id, date_trunc('quarter', MIN(o.o_entry_d)) AS cohort, COUNT(DISTINCT date_trunc('quarter', o.o_entry_d)) AS active_quarters FROM chbenchmark.oorder o WHERE o.o_w_id = 3 GROUP BY o.o_c_id, o.o_d_id ) SELECT cohort, COUNT(*) AS customers, COUNT(*) FILTER (WHERE active_quarters >= 2) AS retained_2q, COUNT(*) FILTER (WHERE active_quarters >= 3) AS retained_3q FROM activity GROUP BY cohort ORDER BY cohort",56.8685,57.92024612426758,1.0517461242675807
control_ch_order_gaps,"WITH timeline AS ( SELECT c.c_w_id, c.c_d_id, c.c_id, o.o_id, o.o_entry_d, LAG(o.o_entry_d) OVER ( PARTITION BY c.c_w_id, c.c_d_id, c.c_id ORDER BY o.o_entry_d ) AS previous_order FROM chbenchmark.customer c JOIN chbenchmark.oorder o ON o.o_w_id = c.c_w_id AND o.o_d_id = c.c_d_id AND o.o_c_id = c.c_id WHERE c.c_state = 'NY' ) SELECT * FROM timeline WHERE o_entry_d - previous_order > INTERVAL '60 days' ORDER BY o_entry_d - previous_order DESC LIMIT 300",141.546,116.08731079101562,25.458689208984367
control_ch_stockout_risk,"WITH demand AS ( SELECT ol.ol_i_id, SUM(ol.ol_quantity)::numeric / 90 AS daily_units FROM chbenchmark.order_line ol JOIN chbenchmark.oorder o ON o.o_w_id = ol.ol_w_id AND o.o_d_id = ol.ol_d_id AND o.o_id = ol.ol_o_id WHERE ol.ol_w_id = 3 AND o.o_entry_d >= timestamp '2025-12-31' - INTERVAL '90 days' GROUP BY ol.ol_i_id ) SELECT s.s_i_id, s.s_quantity, d.daily_units, s.s_quantity / NULLIF(d.daily_units, 0) AS days_of_supply FROM chbenchmark.stock s JOIN demand d ON d.ol_i_id = s.s_i_id WHERE s.s_w_id = 3 AND s.s_quantity / NULLIF(d.daily_units, 0) < 21 ORDER BY days_of_supply LIMIT 300",107.64850000000001,151.66200256347656,44.01350256347655
control_ch_warehouse_reconciliation,"WITH ordered AS ( SELECT ol.ol_i_id, SUM(ol.ol_quantity) AS sold_units FROM chbenchmark.order_line ol WHERE ol.ol_w_id = 1 GROUP BY ol.ol_i_id ), stock_activity AS ( SELECT s.s_i_id, s.s_quantity, s.s_ytd, s.s_order_cnt FROM chbenchmark.stock s WHERE s.s_w_id = 1 ) SELECT sa.s_i_id, sa.s_quantity, sa.s_ytd, sa.s_order_cnt, o.sold_units, o.sold_units - sa.s_ytd AS quantity_difference FROM stock_activity sa JOIN ordered o ON o.ol_i_id = sa.s_i_id WHERE ABS(o.sold_units - sa.s_ytd) > 100 ORDER BY ABS(o.sold_units - sa.s_ytd) DESC LIMIT 300",212.802,135.4100799560547,77.3919200439453
control_ch_product_pareto,"WITH product_revenue AS ( SELECT ol.ol_i_id, SUM(ol.ol_amount) AS revenue FROM chbenchmark.customer c JOIN chbenchmark.oorder o ON o.o_w_id = c.c_w_id AND o.o_d_id = c.c_d_id AND o.o_c_id = c.c_id JOIN chbenchmark.order_line ol ON ol.ol_w_id = o.o_w_id AND ol.ol_d_id = o.o_d_id AND ol.ol_o_id = o.o_id WHERE c.c_state = 'CA' GROUP BY ol.ol_i_id ), cumulative AS ( SELECT *, SUM(revenue) OVER (ORDER BY revenue DESC) / NULLIF(SUM(revenue) OVER (), 0) AS cumulative_share FROM product_revenue ) SELECT COUNT(*) FILTER (WHERE cumulative_share <= 0.80) AS core_products, COUNT(*) AS all_products, MAX(revenue) AS top_product_revenue FROM cumulative",419.515,399.9699401855469,19.54505981445311
control_ch_district_anomaly,"WITH daily AS ( SELECT o.o_w_id, o.o_d_id, o.o_entry_d::date AS day, SUM(ol.ol_amount) AS revenue FROM chbenchmark.oorder o JOIN chbenchmark.order_line ol ON ol.ol_w_id = o.o_w_id AND ol.ol_d_id = o.o_d_id AND ol.ol_o_id = o.o_id WHERE o.o_entry_d >= DATE '2025-03-09' - INTERVAL '365 days' GROUP BY o.o_w_id, o.o_d_id, o.o_entry_d::date ), stats AS ( SELECT *, AVG(revenue) OVER (PARTITION BY o_w_id, o_d_id) AS mean_revenue, STDDEV_SAMP(revenue) OVER (PARTITION BY o_w_id, o_d_id) AS sd_revenue FROM daily ) SELECT *, (revenue - mean_revenue) / NULLIF(sd_revenue, 0) AS z_score FROM stats WHERE ABS((revenue - mean_revenue) / NULLIF(sd_revenue, 0)) > 2.5 ORDER BY ABS((revenue - mean_revenue) / NULLIF(sd_revenue, 0)) DESC",472.5795,1306.824462890625,834.244962890625
control_ch_basket_affinity,"SELECT LEAST(a.ol_i_id, b.ol_i_id) AS item_a, GREATEST(a.ol_i_id, b.ol_i_id) AS item_b, COUNT(*) AS baskets FROM chbenchmark.order_line a JOIN chbenchmark.order_line b ON b.ol_w_id = a.ol_w_id AND b.ol_d_id = a.ol_d_id AND b.ol_o_id = a.ol_o_id AND b.ol_i_id > a.ol_i_id WHERE a.ol_w_id = 2 AND a.ol_d_id = 9 GROUP BY LEAST(a.ol_i_id, b.ol_i_id), GREATEST(a.ol_i_id, b.ol_i_id) HAVING COUNT(*) >= 2 ORDER BY baskets DESC LIMIT 200",67.283,195.4664764404297,128.18347644042967
control_ch_supplier_concentration,"WITH supplier_revenue AS ( SELECT su.su_suppkey, SUM(ol.ol_amount) AS revenue FROM chbenchmark.supplier su JOIN chbenchmark.nation n ON n.n_nationkey = su.su_nationkey JOIN chbenchmark.stock s ON MOD(s.s_w_id * s.s_i_id, 10000) = su.su_suppkey JOIN chbenchmark.order_line ol ON ol.ol_supply_w_id = s.s_w_id AND ol.ol_i_id = s.s_i_id WHERE n.n_regionkey = 3 GROUP BY su.su_suppkey ), shares AS ( SELECT revenue / NULLIF(SUM(revenue) OVER (), 0) AS share FROM supplier_revenue ) SELECT COUNT(*) AS suppliers, MAX(share) AS largest_share, SUM(share * share) AS hhi FROM shares",157.5285,425.5130920410156,267.9845920410156
control_ch_demand_volatility,"WITH weekly AS ( SELECT ol.ol_i_id, date_trunc('week', o.o_entry_d) AS week, SUM(ol.ol_quantity) AS units FROM chbenchmark.order_line ol JOIN chbenchmark.oorder o ON o.o_w_id = ol.ol_w_id AND o.o_d_id = ol.ol_d_id AND o.o_id = ol.ol_o_id WHERE ol.ol_w_id = 1 GROUP BY ol.ol_i_id, date_trunc('week', o.o_entry_d) ) SELECT ol_i_id, AVG(units) AS avg_units, STDDEV_SAMP(units) AS volatility, STDDEV_SAMP(units) / NULLIF(AVG(units), 0) AS coefficient_of_variation FROM weekly GROUP BY ol_i_id HAVING COUNT(*) >= 3 ORDER BY coefficient_of_variation DESC NULLS LAST LIMIT 250",631.239,476.7587890625,154.48021093750003
control_ch_district_anomaly,"WITH daily AS ( SELECT o.o_w_id, o.o_d_id, o.o_entry_d::date AS day, SUM(ol.ol_amount) AS revenue FROM chbenchmark.oorder o JOIN chbenchmark.order_line ol ON ol.ol_w_id = o.o_w_id AND ol.ol_d_id = o.o_d_id AND ol.ol_o_id = o.o_id WHERE o.o_entry_d >= DATE '2024-01-23' - INTERVAL '365 days' GROUP BY o.o_w_id, o.o_d_id, o.o_entry_d::date ), stats AS ( SELECT *, AVG(revenue) OVER (PARTITION BY o_w_id, o_d_id) AS mean_revenue, STDDEV_SAMP(revenue) OVER (PARTITION BY o_w_id, o_d_id) AS sd_revenue FROM daily ) SELECT *, (revenue - mean_revenue) / NULLIF(sd_revenue, 0) AS z_score FROM stats WHERE ABS((revenue - mean_revenue) / NULLIF(sd_revenue, 0)) > 2.5 ORDER BY ABS((revenue - mean_revenue) / NULLIF(sd_revenue, 0)) DESC",831.318,1813.7381591796875,982.4201591796875
control_ch_district_anomaly,"WITH daily AS ( SELECT o.o_w_id, o.o_d_id, o.o_entry_d::date AS day, SUM(ol.ol_amount) AS revenue FROM chbenchmark.oorder o JOIN chbenchmark.order_line ol ON ol.ol_w_id = o.o_w_id AND ol.ol_d_id = o.o_d_id AND ol.ol_o_id = o.o_id WHERE o.o_entry_d >= DATE '2025-05-23' - INTERVAL '365 days' GROUP BY o.o_w_id, o.o_d_id, o.o_entry_d::date ), stats AS ( SELECT *, AVG(revenue) OVER (PARTITION BY o_w_id, o_d_id) AS mean_revenue, STDDEV_SAMP(revenue) OVER (PARTITION BY o_w_id, o_d_id) AS sd_revenue FROM daily ) SELECT *, (revenue - mean_revenue) / NULLIF(sd_revenue, 0) AS z_score FROM stats WHERE ABS((revenue - mean_revenue) / NULLIF(sd_revenue, 0)) > 2.5 ORDER BY ABS((revenue - mean_revenue) / NULLIF(sd_revenue, 0)) DESC",409.43600000000004,466.3941650390625,56.958165039062465
control_ch_supplier_concentration,"WITH supplier_revenue AS ( SELECT su.su_suppkey, SUM(ol.ol_amount) AS revenue FROM chbenchmark.supplier su JOIN chbenchmark.nation n ON n.n_nationkey = su.su_nationkey JOIN chbenchmark.stock s ON MOD(s.s_w_id * s.s_i_id, 10000) = su.su_suppkey JOIN chbenchmark.order_line ol ON ol.ol_supply_w_id = s.s_w_id AND ol.ol_i_id = s.s_i_id WHERE n.n_regionkey = 4 GROUP BY su.su_suppkey ), shares AS ( SELECT revenue / NULLIF(SUM(revenue) OVER (), 0) AS share FROM supplier_revenue ) SELECT COUNT(*) AS suppliers, MAX(share) AS largest_share, SUM(share * share) AS hhi FROM shares",164.6625,425.5130920410156,260.8505920410156
control_ch_order_gaps,"WITH timeline AS ( SELECT c.c_w_id, c.c_d_id, c.c_id, o.o_id, o.o_entry_d, LAG(o.o_entry_d) OVER ( PARTITION BY c.c_w_id, c.c_d_id, c.c_id ORDER BY o.o_entry_d ) AS previous_order FROM chbenchmark.customer c JOIN chbenchmark.oorder o ON o.o_w_id = c.c_w_id AND o.o_d_id = c.c_d_id AND o.o_c_id = c.c_id WHERE c.c_state = 'FL' ) SELECT * FROM timeline WHERE o_entry_d - previous_order > INTERVAL '90 days' ORDER BY o_entry_d - previous_order DESC LIMIT 300",93.38550000000001,116.08731079101562,22.701810791015617
control_ch_basket_affinity,"SELECT LEAST(a.ol_i_id, b.ol_i_id) AS item_a, GREATEST(a.ol_i_id, b.ol_i_id) AS item_b, COUNT(*) AS baskets FROM chbenchmark.order_line a JOIN chbenchmark.order_line b ON b.ol_w_id = a.ol_w_id AND b.ol_d_id = a.ol_d_id AND b.ol_o_id = a.ol_o_id AND b.ol_i_id > a.ol_i_id WHERE a.ol_w_id = 3 AND a.ol_d_id = 4 GROUP BY LEAST(a.ol_i_id, b.ol_i_id), GREATEST(a.ol_i_id, b.ol_i_id) HAVING COUNT(*) >= 2 ORDER BY baskets DESC LIMIT 200",66.682,197.1885528564453,130.5065528564453
control_ch_district_anomaly,"WITH daily AS ( SELECT o.o_w_id, o.o_d_id, o.o_entry_d::date AS day, SUM(ol.ol_amount) AS revenue FROM chbenchmark.oorder o JOIN chbenchmark.order_line ol ON ol.ol_w_id = o.o_w_id AND ol.ol_d_id = o.o_d_id AND ol.ol_o_id = o.o_id WHERE o.o_entry_d >= DATE '2025-05-04' - INTERVAL '365 days' GROUP BY o.o_w_id, o.o_d_id, o.o_entry_d::date ), stats AS ( SELECT *, AVG(revenue) OVER (PARTITION BY o_w_id, o_d_id) AS mean_revenue, STDDEV_SAMP(revenue) OVER (PARTITION BY o_w_id, o_d_id) AS sd_revenue FROM daily ) SELECT *, (revenue - mean_revenue) / NULLIF(sd_revenue, 0) AS z_score FROM stats WHERE ABS((revenue - mean_revenue) / NULLIF(sd_revenue, 0)) > 2.5 ORDER BY ABS((revenue - mean_revenue) / NULLIF(sd_revenue, 0)) DESC",464.978,469.17132568359375,4.193325683593741
control_ch_order_gaps,"WITH timeline AS ( SELECT c.c_w_id, c.c_d_id, c.c_id, o.o_id, o.o_entry_d, LAG(o.o_entry_d) OVER ( PARTITION BY c.c_w_id, c.c_d_id, c.c_id ORDER BY o.o_entry_d ) AS previous_order FROM chbenchmark.customer c JOIN chbenchmark.oorder o ON o.o_w_id = c.c_w_id AND o.o_d_id = c.c_d_id AND o.o_c_id = c.c_id WHERE c.c_state = 'OH' ) SELECT * FROM timeline WHERE o_entry_d - previous_order > INTERVAL '90 days' ORDER BY o_entry_d - previous_order DESC LIMIT 300",111.7175,113.69322204589844,1.9757220458984364
control_ch_stockout_risk,"WITH demand AS ( SELECT ol.ol_i_id, SUM(ol.ol_quantity)::numeric / 60 AS daily_units FROM chbenchmark.order_line ol JOIN chbenchmark.oorder o ON o.o_w_id = ol.ol_w_id AND o.o_d_id = ol.ol_d_id AND o.o_id = ol.ol_o_id WHERE ol.ol_w_id = 3 AND o.o_entry_d >= timestamp '2025-12-31' - INTERVAL '60 days' GROUP BY ol.ol_i_id ) SELECT s.s_i_id, s.s_quantity, d.daily_units, s.s_quantity / NULLIF(d.daily_units, 0) AS days_of_supply FROM chbenchmark.stock s JOIN demand d ON d.ol_i_id = s.s_i_id WHERE s.s_w_id = 3 AND s.s_quantity / NULLIF(d.daily_units, 0) < 21 ORDER BY days_of_supply LIMIT 300",105.0265,145.43118286132812,40.404682861328126
